age,height_cm,weight_kg,bmi,fitness_goal
20,167,51.7,18.54,Maintain
28,160,67.6,26.4,Weight Loss
24,181,59.2,18.07,Muscle Gain
31,171,90.4,30.9,Weight Loss
56,167,67.7,24.27,Maintain
37,151,68.6,30.09,Weight Loss
26,163,80.8,30.43,Weight Loss
52,181,73.5,22.43,Maintain
58,171,75.9,25.95,Weight Loss
55,188,101.6,28.75,Weight Loss
18,180,54.0,16.67,Muscle Gain
39,182,62.8,18.95,Maintain
43,169,48.1,16.84,Muscle Gain
31,183,57.2,17.09,Muscle Gain
28,177,98.2,31.34,Weight Loss
41,170,64.8,22.41,Maintain
57,167,62.3,22.33,Maintain
33,151,51.3,22.51,Maintain
34,186,66.7,19.29,Maintain
21,150,37.8,16.78,Muscle Gain
28,178,84.3,26.6,Weight Loss
60,170,83.5,28.89,Weight Loss
34,164,49.8,18.52,Maintain
59,162,51.0,19.45,Maintain
33,156,39.6,16.27,Muscle Gain
34,185,106.5,31.11,Weight Loss
23,185,83.7,24.45,Maintain
53,182,89.2,26.92,Weight Loss
26,164,44.6,16.59,Muscle Gain
36,177,80.0,25.53,Weight Loss
24,157,51.1,20.72,Maintain
21,186,104.4,30.19,Weight Loss
48,158,61.8,24.75,Maintain
24,151,40.2,17.61,Muscle Gain
27,152,65.7,28.43,Weight Loss
57,160,66.4,25.94,Weight Loss
22,172,81.4,27.52,Weight Loss
46,156,75.6,31.07,Weight Loss
21,155,59.1,24.58,Maintain
43,168,59.3,21.01,Maintain
26,184,76.4,22.57,Maintain
29,154,72.2,30.45,Weight Loss
40,173,80.1,26.75,Weight Loss
37,180,83.1,25.65,Weight Loss
20,153,62.5,26.7,Weight Loss
29,182,53.6,16.18,Muscle Gain
41,167,57.6,20.65,Maintain
42,172,51.5,17.4,Muscle Gain
47,190,72.1,19.98,Maintain
25,158,73.7,29.51,Weight Loss
25,167,44.8,16.07,Muscle Gain
21,150,61.0,27.1,Weight Loss
29,176,68.0,21.94,Maintain
30,189,106.8,29.91,Weight Loss
41,183,82.3,24.59,Maintain
50,179,57.9,18.06,Muscle Gain
59,162,52.4,19.95,Maintain
59,170,75.5,26.12,Weight Loss
36,176,52.5,16.95,Muscle Gain
35,181,76.8,23.44,Maintain
46,155,52.9,22.03,Maintain
21,189,99.7,27.91,Weight Loss
32,188,102.0,28.87,Weight Loss
19,188,72.4,20.48,Maintain
50,166,45.4,16.49,Muscle Gain
21,187,99.2,28.38,Weight Loss
47,178,73.6,23.24,Maintain
47,190,73.5,20.35,Maintain
39,181,65.3,19.94,Maintain
38,173,84.5,28.23,Weight Loss
28,164,46.6,17.34,Muscle Gain
57,163,68.6,25.81,Weight Loss
55,169,58.4,20.43,Maintain
51,159,58.7,23.21,Maintain
19,166,50.1,18.18,Muscle Gain
28,172,57.6,19.47,Maintain
37,162,51.4,19.58,Maintain
56,176,71.8,23.18,Maintain
30,152,71.5,30.95,Weight Loss
49,184,103.5,30.58,Weight Loss
45,161,66.7,25.75,Weight Loss
25,154,41.1,17.32,Muscle Gain
25,166,62.0,22.49,Maintain
56,159,73.3,28.99,Weight Loss
44,170,50.0,17.29,Muscle Gain
21,182,86.4,26.09,Weight Loss
19,163,83.7,31.52,Weight Loss
57,188,68.5,19.38,Maintain
45,188,86.0,24.34,Maintain
33,172,67.2,22.72,Maintain
38,156,43.1,17.71,Muscle Gain
59,171,49.1,16.79,Muscle Gain
55,167,78.3,28.07,Weight Loss
47,162,43.8,16.69,Muscle Gain
40,169,90.2,31.59,Weight Loss
58,188,62.6,17.71,Muscle Gain
46,168,81.1,28.74,Weight Loss
18,154,70.7,29.81,Weight Loss
28,187,60.8,17.39,Muscle Gain
32,186,68.2,19.71,Maintain
38,184,62.9,18.57,Maintain
42,175,86.5,28.25,Weight Loss
49,187,84.2,24.07,Maintain
20,180,55.5,17.13,Muscle Gain
34,182,58.2,17.56,Muscle Gain
54,189,87.7,24.54,Maintain
52,170,77.9,26.97,Weight Loss
25,175,70.0,22.86,Maintain
33,173,78.7,26.29,Weight Loss
26,183,78.3,23.39,Maintain
23,171,75.3,25.75,Weight Loss
20,155,56.1,23.35,Maintain
43,162,79.2,30.17,Weight Loss
50,169,47.6,16.66,Muscle Gain
50,150,60.5,26.88,Weight Loss
38,156,51.8,21.29,Maintain
51,151,41.7,18.31,Muscle Gain
59,184,58.6,17.31,Muscle Gain
50,152,72.1,31.2,Weight Loss
26,175,63.0,20.57,Maintain
23,151,40.8,17.89,Muscle Gain
41,157,66.9,27.15,Weight Loss
51,168,84.3,29.87,Weight Loss
51,175,82.6,26.96,Weight Loss
34,179,61.3,19.12,Maintain
42,178,73.9,23.33,Maintain
57,167,83.8,30.04,Weight Loss
41,184,84.0,24.8,Maintain
50,158,59.8,23.97,Maintain
30,161,77.6,29.93,Weight Loss
35,173,72.0,24.06,Maintain
56,150,40.9,18.16,Muscle Gain
51,174,51.6,17.04,Muscle Gain
23,179,100.1,31.25,Weight Loss
58,180,59.2,18.28,Muscle Gain
18,160,79.1,30.91,Weight Loss
25,177,71.9,22.94,Maintain
47,174,52.7,17.4,Muscle Gain
18,150,39.3,17.47,Muscle Gain
27,183,54.3,16.21,Muscle Gain
27,180,54.9,16.95,Muscle Gain
29,184,54.3,16.05,Muscle Gain
25,160,50.2,19.61,Maintain
48,179,57.3,17.89,Muscle Gain
26,189,95.7,26.78,Weight Loss
20,186,58.5,16.92,Muscle Gain
39,158,46.3,18.53,Maintain
19,185,101.1,29.54,Weight Loss
19,183,58.6,17.49,Muscle Gain
49,154,38.3,16.14,Muscle Gain
49,155,41.8,17.4,Muscle Gain
23,172,79.0,26.71,Weight Loss
19,167,59.5,21.35,Maintain
39,169,70.0,24.5,Maintain
40,186,91.3,26.38,Weight Loss
22,190,69.6,19.27,Maintain
38,182,58.6,17.7,Muscle Gain
59,188,85.2,24.11,Maintain
58,165,43.8,16.1,Muscle Gain
26,165,83.3,30.6,Weight Loss
19,181,94.5,28.86,Weight Loss
39,178,72.0,22.74,Maintain
47,165,50.8,18.66,Maintain
39,185,91.3,26.69,Weight Loss
18,174,68.5,22.63,Maintain
44,166,70.5,25.6,Weight Loss
32,168,65.3,23.13,Maintain
40,190,61.8,17.13,Muscle Gain
32,186,87.4,25.27,Weight Loss
55,176,73.2,23.63,Maintain
20,189,97.5,27.29,Weight Loss
34,186,93.6,27.06,Weight Loss
39,180,72.2,22.27,Maintain
52,154,64.8,27.33,Weight Loss
44,179,54.7,17.06,Muscle Gain
48,186,99.2,28.66,Weight Loss
18,174,83.1,27.44,Weight Loss
44,157,76.4,31.01,Weight Loss
30,179,58.3,18.21,Muscle Gain
58,181,78.5,23.97,Maintain
22,168,48.7,17.26,Muscle Gain
23,182,87.1,26.31,Weight Loss
26,190,65.0,18.0,Muscle Gain
26,157,57.3,23.26,Maintain
58,159,75.4,29.82,Weight Loss
28,181,101.0,30.83,Weight Loss
56,174,52.3,17.26,Muscle Gain
18,183,74.9,22.38,Maintain
39,185,80.5,23.51,Maintain
28,183,54.3,16.22,Muscle Gain
19,185,55.5,16.22,Muscle Gain
49,173,86.1,28.78,Weight Loss
41,156,58.1,23.86,Maintain
47,176,50.7,16.37,Muscle Gain
32,182,57.2,17.26,Muscle Gain
48,189,79.0,22.12,Maintain
28,158,47.9,19.2,Maintain
52,190,112.2,31.08,Weight Loss
42,171,60.5,20.68,Maintain
56,152,66.2,28.65,Weight Loss
44,175,89.4,29.18,Weight Loss
41,183,94.5,28.22,Weight Loss
19,151,44.6,19.58,Maintain
41,188,70.9,20.06,Maintain
35,180,60.4,18.65,Maintain
34,153,56.9,24.31,Maintain
31,172,80.7,27.27,Weight Loss
29,187,76.0,21.74,Maintain
19,176,57.7,18.63,Maintain
58,175,53.9,17.59,Muscle Gain
35,178,76.6,24.17,Maintain
29,180,83.7,25.82,Weight Loss
24,190,104.0,28.8,Weight Loss
28,155,71.7,29.83,Weight Loss
35,156,46.4,19.08,Maintain
21,168,59.0,20.9,Maintain
32,154,46.1,19.43,Maintain
23,164,46.1,17.14,Muscle Gain
31,169,49.4,17.28,Muscle Gain
19,190,59.7,16.55,Muscle Gain
18,157,71.9,29.15,Weight Loss
18,181,90.3,27.56,Weight Loss
29,184,91.8,27.12,Weight Loss
60,189,68.9,19.3,Maintain
42,165,47.8,17.57,Muscle Gain
38,182,101.4,30.61,Weight Loss
43,152,59.9,25.93,Weight Loss
36,189,106.2,29.73,Weight Loss
41,170,60.3,20.88,Maintain
58,158,79.2,31.74,Weight Loss
50,153,42.7,18.23,Muscle Gain
45,177,56.4,18.0,Muscle Gain
19,161,59.0,22.75,Maintain
32,169,72.9,25.54,Weight Loss
39,178,76.3,24.09,Maintain
59,173,82.2,27.48,Weight Loss
37,186,103.1,29.81,Weight Loss
28,153,42.0,17.93,Muscle Gain
43,171,72.5,24.79,Maintain
43,161,69.4,26.76,Weight Loss
52,176,49.8,16.08,Muscle Gain
21,164,46.0,17.12,Muscle Gain
41,164,43.2,16.08,Muscle Gain
39,177,72.9,23.27,Maintain
37,180,62.8,19.37,Maintain
40,165,46.6,17.1,Muscle Gain
20,180,58.9,18.17,Muscle Gain
21,158,40.6,16.27,Muscle Gain
19,180,55.0,16.97,Muscle Gain
32,156,39.8,16.36,Muscle Gain
57,170,71.4,24.72,Maintain
22,186,84.6,24.46,Maintain
29,178,51.1,16.13,Muscle Gain
29,153,73.8,31.53,Weight Loss
35,156,40.9,16.81,Muscle Gain
53,179,64.7,20.18,Maintain
52,179,92.0,28.7,Weight Loss
53,172,48.6,16.42,Muscle Gain
31,166,47.4,17.2,Muscle Gain
19,159,70.0,27.68,Weight Loss
21,165,43.7,16.04,Muscle Gain
19,168,45.5,16.12,Muscle Gain
49,178,87.4,27.58,Weight Loss
57,188,61.9,17.5,Muscle Gain
30,180,66.2,20.43,Maintain
21,180,87.3,26.95,Weight Loss
47,169,75.5,26.42,Weight Loss
19,179,52.8,16.49,Muscle Gain
49,184,97.8,28.88,Weight Loss
56,183,58.3,17.4,Muscle Gain
37,155,41.5,17.29,Muscle Gain
25,182,64.6,19.51,Maintain
44,173,79.3,26.48,Weight Loss
58,151,38.1,16.73,Muscle Gain
29,186,83.5,24.15,Maintain
48,180,89.3,27.56,Weight Loss
54,151,69.4,30.44,Weight Loss
45,156,56.1,23.04,Maintain
39,167,48.4,17.37,Muscle Gain
31,163,59.8,22.49,Maintain
43,172,73.0,24.68,Maintain
23,187,109.7,31.36,Weight Loss
51,158,42.9,17.18,Muscle Gain
26,171,81.2,27.77,Weight Loss
29,173,86.3,28.84,Weight Loss
30,158,42.6,17.08,Muscle Gain
31,182,57.2,17.28,Muscle Gain
31,169,80.4,28.14,Weight Loss
33,190,65.7,18.21,Muscle Gain
26,155,43.6,18.15,Muscle Gain
26,172,48.0,16.22,Muscle Gain
31,186,102.4,29.59,Weight Loss
58,151,38.5,16.89,Muscle Gain
54,154,40.9,17.26,Muscle Gain
33,185,91.4,26.71,Weight Loss
57,172,67.6,22.85,Maintain
44,155,71.5,29.77,Weight Loss
48,165,45.5,16.7,Muscle Gain
57,159,40.9,16.17,Muscle Gain
22,163,57.6,21.68,Maintain
49,179,51.5,16.06,Muscle Gain
60,185,91.5,26.73,Weight Loss
28,169,88.0,30.8,Weight Loss
18,183,68.0,20.3,Maintain
45,164,65.8,24.46,Maintain
34,181,53.2,16.23,Muscle Gain
31,167,46.6,16.72,Muscle Gain
56,167,57.7,20.68,Maintain
56,174,88.9,29.35,Weight Loss
44,162,56.3,21.44,Maintain
54,187,83.3,23.82,Maintain
44,189,64.2,17.96,Muscle Gain
41,152,54.1,23.43,Maintain
21,152,54.0,23.39,Maintain
27,188,57.2,16.17,Muscle Gain
55,158,43.8,17.55,Muscle Gain
27,160,65.7,25.66,Weight Loss
24,152,57.9,25.07,Weight Loss
47,165,45.2,16.62,Muscle Gain
60,166,44.8,16.24,Muscle Gain
24,186,63.4,18.32,Muscle Gain
52,155,41.8,17.38,Muscle Gain
38,189,82.8,23.19,Maintain
19,176,59.0,19.04,Maintain
33,160,55.0,21.5,Maintain
40,182,56.1,16.93,Muscle Gain
51,186,59.5,17.19,Muscle Gain
21,181,54.1,16.5,Muscle Gain
43,183,94.5,28.23,Weight Loss
24,189,59.3,16.59,Muscle Gain
53,181,76.0,23.19,Maintain
21,151,51.7,22.69,Maintain
41,168,84.0,29.75,Weight Loss
57,178,56.8,17.93,Muscle Gain
23,164,51.9,19.3,Maintain
49,188,82.1,23.23,Maintain
59,190,68.7,19.04,Maintain
27,163,55.3,20.8,Maintain
46,156,61.1,25.09,Weight Loss
53,155,50.4,20.98,Maintain
44,175,75.4,24.63,Maintain
31,166,66.1,23.98,Maintain
53,163,76.1,28.65,Weight Loss
41,186,96.1,27.77,Weight Loss
30,157,41.0,16.65,Muscle Gain
47,151,40.7,17.84,Muscle Gain
38,171,48.0,16.4,Muscle Gain
52,185,99.2,28.98,Weight Loss
24,167,49.8,17.87,Muscle Gain
18,161,73.3,28.29,Weight Loss
45,179,92.4,28.84,Weight Loss
30,184,59.3,17.53,Muscle Gain
39,163,79.8,30.05,Weight Loss
51,164,67.4,25.07,Weight Loss
22,190,88.5,24.52,Maintain
49,179,83.2,25.98,Weight Loss
24,188,64.7,18.31,Muscle Gain
54,172,69.8,23.59,Maintain
31,185,90.5,26.45,Weight Loss
37,173,60.5,20.2,Maintain
35,188,63.6,17.99,Muscle Gain
18,183,95.3,28.45,Weight Loss
39,170,64.7,22.4,Maintain
43,159,48.8,19.32,Maintain
60,153,39.2,16.73,Muscle Gain
50,178,86.6,27.34,Weight Loss
41,184,86.6,25.59,Weight Loss
40,157,41.5,16.82,Muscle Gain
21,162,42.3,16.11,Muscle Gain
60,154,41.7,17.6,Muscle Gain
40,163,47.1,17.72,Muscle Gain
36,177,53.1,16.95,Muscle Gain
57,184,59.6,17.61,Muscle Gain
54,152,41.3,17.86,Muscle Gain
45,162,47.7,18.16,Muscle Gain
31,177,56.4,18.01,Muscle Gain
59,189,59.1,16.55,Muscle Gain
43,181,60.2,18.37,Muscle Gain
46,151,39.5,17.31,Muscle Gain
50,174,63.7,21.04,Maintain
31,171,93.2,31.89,Weight Loss
25,182,63.7,19.24,Maintain
57,167,80.5,28.86,Weight Loss
32,171,75.2,25.72,Weight Loss
28,176,88.2,28.47,Weight Loss
54,170,51.5,17.81,Muscle Gain
31,150,41.9,18.6,Maintain
22,175,55.1,17.98,Muscle Gain
28,165,59.6,21.91,Maintain
48,180,74.3,22.92,Maintain
45,167,47.5,17.02,Muscle Gain
20,173,69.8,23.31,Maintain
56,154,43.4,18.28,Muscle Gain
54,182,84.0,25.35,Weight Loss
57,155,43.5,18.09,Muscle Gain
49,161,43.5,16.77,Muscle Gain
50,165,86.1,31.62,Weight Loss
49,189,110.1,30.82,Weight Loss
40,170,71.4,24.69,Maintain
31,170,60.5,20.94,Maintain
23,179,77.9,24.3,Maintain
43,186,56.3,16.28,Muscle Gain
54,179,59.3,18.5,Maintain
59,180,82.0,25.3,Weight Loss
46,152,62.0,26.82,Weight Loss
58,184,57.2,16.9,Muscle Gain
44,181,104.1,31.79,Weight Loss
58,174,53.7,17.73,Muscle Gain
37,190,99.5,27.57,Weight Loss
22,174,69.8,23.04,Maintain
43,172,63.3,21.41,Maintain
54,165,86.8,31.9,Weight Loss
49,178,65.4,20.65,Maintain
36,151,36.9,16.18,Muscle Gain
30,152,45.6,19.75,Maintain
43,162,77.6,29.55,Weight Loss
46,167,56.8,20.35,Maintain
56,189,67.8,18.99,Maintain
27,186,61.2,17.69,Muscle Gain
44,184,85.9,25.37,Weight Loss
23,186,57.6,16.64,Muscle Gain
36,153,37.5,16.03,Muscle Gain
35,161,61.4,23.67,Maintain
55,157,44.4,18.01,Muscle Gain
36,175,86.4,28.2,Weight Loss
29,162,66.8,25.44,Weight Loss
54,165,77.6,28.5,Weight Loss
56,156,41.0,16.83,Muscle Gain
25,180,94.9,29.28,Weight Loss
41,161,82.6,31.85,Weight Loss
44,187,73.3,20.95,Maintain
28,158,48.0,19.24,Maintain
56,188,79.9,22.6,Maintain
53,174,71.0,23.44,Maintain
28,174,92.3,30.49,Weight Loss
43,154,49.3,20.79,Maintain
22,181,93.5,28.55,Weight Loss
49,161,59.9,23.12,Maintain
36,156,73.6,30.23,Weight Loss
59,150,53.2,23.63,Maintain
56,172,50.4,17.05,Muscle Gain
33,150,61.9,27.5,Weight Loss
26,169,67.7,23.71,Maintain
57,159,76.1,30.1,Weight Loss
38,178,59.7,18.84,Maintain
37,178,100.4,31.69,Weight Loss
47,190,89.0,24.65,Maintain
29,162,74.1,28.24,Weight Loss
36,183,74.8,22.33,Maintain
41,190,60.7,16.82,Muscle Gain
46,171,66.5,22.74,Maintain
20,160,50.3,19.66,Maintain
46,173,84.5,28.23,Weight Loss
47,190,58.5,16.2,Muscle Gain
50,157,50.6,20.52,Maintain
30,186,55.4,16.02,Muscle Gain
20,182,105.7,31.92,Weight Loss
50,177,50.9,16.24,Muscle Gain
41,178,58.6,18.51,Maintain
35,159,71.1,28.12,Weight Loss
43,161,45.3,17.49,Muscle Gain
39,186,60.7,17.55,Muscle Gain
19,164,45.9,17.05,Muscle Gain
51,153,59.1,25.24,Weight Loss
30,186,55.5,16.03,Muscle Gain
43,168,79.2,28.06,Weight Loss
47,169,51.7,18.11,Muscle Gain
36,155,49.2,20.46,Maintain
44,184,67.7,20.0,Maintain
19,157,50.0,20.3,Maintain
32,188,107.6,30.44,Weight Loss
51,179,72.5,22.64,Maintain
34,152,38.2,16.52,Muscle Gain
25,180,56.0,17.29,Muscle Gain
28,154,44.6,18.82,Maintain
18,178,61.6,19.44,Maintain
60,167,73.0,26.18,Weight Loss
45,167,78.3,28.09,Weight Loss
26,186,102.8,29.72,Weight Loss
40,154,64.2,27.05,Weight Loss
44,169,73.1,25.61,Weight Loss
42,161,58.3,22.49,Maintain
30,179,72.4,22.61,Maintain
23,150,36.1,16.06,Muscle Gain
41,156,40.9,16.82,Muscle Gain
28,188,90.1,25.49,Weight Loss
43,183,54.1,16.16,Muscle Gain
34,166,59.2,21.49,Maintain
57,189,71.5,20.02,Maintain
57,165,71.3,26.19,Weight Loss
58,176,54.2,17.5,Muscle Gain
34,159,40.5,16.03,Muscle Gain
40,188,62.8,17.77,Muscle Gain
24,189,89.9,25.18,Weight Loss
48,170,85.7,29.65,Weight Loss
33,167,76.1,27.28,Weight Loss
42,175,92.7,30.26,Weight Loss
60,180,82.1,25.33,Weight Loss
24,179,55.8,17.42,Muscle Gain
21,172,70.9,23.95,Maintain
41,179,54.7,17.07,Muscle Gain
50,158,76.4,30.6,Weight Loss
22,155,46.1,19.2,Maintain
60,184,77.3,22.82,Maintain
33,154,40.9,17.24,Muscle Gain
21,166,87.8,31.88,Weight Loss
45,173,65.5,21.87,Maintain
25,178,50.9,16.05,Muscle Gain
48,157,55.1,22.34,Maintain
35,165,52.2,19.16,Maintain
24,180,77.2,23.82,Maintain
56,174,50.4,16.65,Muscle Gain
33,163,47.2,17.76,Muscle Gain
36,155,53.9,22.42,Maintain
39,174,51.3,16.96,Muscle Gain
46,150,38.7,17.22,Muscle Gain
48,161,52.8,20.38,Maintain
29,176,53.3,17.21,Muscle Gain
37,154,52.6,22.17,Maintain
22,162,44.3,16.87,Muscle Gain
19,156,44.3,18.22,Muscle Gain
31,164,80.9,30.08,Weight Loss
58,171,51.9,17.76,Muscle Gain
27,180,56.0,17.28,Muscle Gain
30,156,58.7,24.13,Maintain
28,159,48.7,19.25,Maintain
43,171,48.3,16.53,Muscle Gain
54,173,72.4,24.2,Maintain
43,163,46.2,17.4,Muscle Gain
55,158,51.1,20.47,Maintain
18,185,74.9,21.88,Maintain
41,163,48.2,18.14,Muscle Gain
53,179,55.2,17.23,Muscle Gain
59,157,59.7,24.24,Maintain
44,176,72.0,23.23,Maintain
19,154,41.2,17.39,Muscle Gain
22,165,78.7,28.89,Weight Loss
37,184,79.8,23.56,Maintain
39,163,47.7,17.97,Muscle Gain
36,177,64.3,20.51,Maintain
55,175,69.3,22.63,Maintain
53,167,57.7,20.7,Maintain
28,156,44.7,18.36,Muscle Gain
29,154,47.4,20.0,Maintain
22,168,85.4,30.25,Weight Loss
31,179,52.5,16.39,Muscle Gain
42,172,66.2,22.38,Maintain
52,190,58.2,16.13,Muscle Gain
54,160,44.7,17.47,Muscle Gain
59,178,89.4,28.22,Weight Loss
45,172,54.1,18.3,Muscle Gain
19,167,49.9,17.9,Muscle Gain
60,186,56.7,16.39,Muscle Gain
20,169,74.0,25.9,Weight Loss
45,164,53.8,20.02,Maintain
46,167,48.2,17.3,Muscle Gain
26,168,52.7,18.66,Maintain
24,177,65.6,20.95,Maintain
53,189,106.1,29.69,Weight Loss
59,150,39.8,17.67,Muscle Gain
48,160,67.3,26.29,Weight Loss
30,157,44.6,18.11,Muscle Gain
35,172,94.4,31.9,Weight Loss
50,152,38.4,16.64,Muscle Gain
46,171,92.1,31.49,Weight Loss
46,178,99.0,31.24,Weight Loss
21,164,55.1,20.47,Maintain
53,184,73.7,21.76,Maintain
35,177,54.0,17.24,Muscle Gain
34,182,57.9,17.48,Muscle Gain
24,173,49.6,16.56,Muscle Gain
32,170,81.8,28.31,Weight Loss
24,157,55.3,22.43,Maintain
55,180,80.3,24.79,Maintain
54,178,87.9,27.73,Weight Loss
43,163,62.9,23.68,Maintain
53,167,48.5,17.39,Muscle Gain
56,173,51.0,17.03,Muscle Gain
39,156,57.2,23.51,Maintain
28,188,97.6,27.62,Weight Loss
25,170,66.1,22.86,Maintain
19,187,72.7,20.78,Maintain
58,185,75.4,22.04,Maintain
41,181,53.2,16.23,Muscle Gain
41,182,61.8,18.67,Maintain
31,170,49.5,17.13,Muscle Gain
35,168,78.9,27.97,Weight Loss
33,169,46.0,16.09,Muscle Gain
30,154,65.4,27.57,Weight Loss
21,171,88.0,30.11,Weight Loss
36,164,64.8,24.08,Maintain
60,166,74.0,26.84,Weight Loss
27,179,87.1,27.19,Weight Loss
53,160,42.0,16.4,Muscle Gain
42,156,57.1,23.45,Maintain
21,163,56.7,21.34,Maintain
51,183,59.6,17.79,Muscle Gain
22,190,63.5,17.58,Muscle Gain
21,167,49.8,17.85,Muscle Gain
45,178,95.3,30.07,Weight Loss
36,186,62.8,18.16,Muscle Gain
37,174,75.3,24.87,Maintain
41,176,52.2,16.86,Muscle Gain
37,169,47.6,16.68,Muscle Gain
44,153,64.6,27.59,Weight Loss
47,168,83.5,29.59,Weight Loss
31,169,67.7,23.69,Maintain
33,181,72.1,22.01,Maintain
32,152,38.4,16.61,Muscle Gain
42,174,95.5,31.53,Weight Loss
38,179,75.0,23.41,Maintain
23,157,53.4,21.65,Maintain
34,166,84.4,30.64,Weight Loss
19,152,38.0,16.43,Muscle Gain
53,162,80.1,30.53,Weight Loss
47,167,47.7,17.11,Muscle Gain
19,187,105.2,30.09,Weight Loss
50,190,65.6,18.16,Muscle Gain
39,183,54.8,16.35,Muscle Gain
53,155,75.2,31.31,Weight Loss
23,161,66.9,25.82,Weight Loss
40,180,59.3,18.3,Muscle Gain
32,189,85.1,23.81,Maintain
47,150,39.7,17.63,Muscle Gain
43,173,62.6,20.9,Maintain
24,186,98.7,28.54,Weight Loss
42,189,60.9,17.05,Muscle Gain
57,163,47.6,17.93,Muscle Gain
30,178,77.6,24.49,Maintain
37,166,69.8,25.32,Weight Loss
20,186,74.7,21.59,Maintain
55,187,71.5,20.46,Maintain
29,153,38.9,16.62,Muscle Gain
25,189,65.5,18.34,Muscle Gain
30,173,53.2,17.79,Muscle Gain
57,179,96.6,30.16,Weight Loss
54,180,53.7,16.58,Muscle Gain
19,183,55.9,16.69,Muscle Gain
24,187,94.6,27.04,Weight Loss
59,160,62.6,24.44,Maintain
31,179,75.7,23.64,Maintain
27,188,79.3,22.45,Maintain
50,181,64.4,19.67,Maintain
32,170,76.3,26.4,Weight Loss
51,183,56.3,16.82,Muscle Gain
40,184,87.4,25.82,Weight Loss
38,171,71.9,24.59,Maintain
21,185,74.1,21.64,Maintain
26,161,49.2,19.0,Maintain
28,151,48.5,21.29,Maintain
33,168,57.2,20.27,Maintain
28,168,76.1,26.95,Weight Loss
49,170,63.6,21.99,Maintain
41,165,47.4,17.42,Muscle Gain
47,178,68.9,21.75,Maintain
22,168,56.5,20.01,Maintain
18,155,38.5,16.02,Muscle Gain
39,172,61.2,20.67,Maintain
22,174,59.0,19.49,Maintain
53,153,55.4,23.68,Maintain
42,166,71.0,25.76,Weight Loss
27,173,53.5,17.86,Muscle Gain
57,188,104.6,29.6,Weight Loss
32,184,68.6,20.27,Maintain
48,161,73.9,28.51,Weight Loss
28,187,99.7,28.5,Weight Loss
46,169,67.0,23.46,Maintain
43,188,62.2,17.6,Muscle Gain
45,179,56.6,17.68,Muscle Gain
37,175,58.7,19.16,Maintain
53,159,58.6,23.17,Maintain
44,184,66.0,19.48,Maintain
53,165,49.4,18.15,Muscle Gain
46,151,41.2,18.06,Muscle Gain
21,159,54.8,21.69,Maintain
40,183,55.6,16.59,Muscle Gain
23,169,46.2,16.18,Muscle Gain
19,180,57.6,17.78,Muscle Gain
52,183,82.6,24.66,Maintain
55,175,54.7,17.85,Muscle Gain
39,177,62.8,20.05,Maintain
60,179,51.8,16.17,Muscle Gain
49,171,68.0,23.25,Maintain
25,171,47.8,16.33,Muscle Gain
52,164,75.8,28.19,Weight Loss
20,187,60.6,17.34,Muscle Gain
25,189,93.6,26.19,Weight Loss
37,186,80.4,23.25,Maintain
52,166,56.3,20.44,Maintain
20,168,46.9,16.62,Muscle Gain
34,151,41.3,18.12,Muscle Gain
34,189,94.6,26.48,Weight Loss
18,180,54.0,16.66,Muscle Gain
28,166,54.1,19.64,Maintain
25,170,79.2,27.41,Weight Loss
21,157,75.4,30.57,Weight Loss
57,176,60.0,19.37,Maintain
52,171,65.9,22.55,Maintain
58,162,45.8,17.46,Muscle Gain
46,161,67.0,25.86,Weight Loss
57,181,59.3,18.1,Muscle Gain
19,182,53.2,16.05,Muscle Gain
56,185,62.3,18.2,Muscle Gain
41,185,104.8,30.62,Weight Loss
21,175,68.8,22.45,Maintain
27,152,64.3,27.82,Weight Loss
47,161,58.2,22.47,Maintain
44,179,58.4,18.22,Muscle Gain
33,180,55.8,17.21,Muscle Gain
52,186,55.6,16.08,Muscle Gain
53,159,41.2,16.31,Muscle Gain
57,176,76.9,24.84,Maintain
29,168,69.0,24.46,Maintain
34,176,74.6,24.07,Maintain
40,186,61.7,17.82,Muscle Gain
28,167,47.1,16.88,Muscle Gain
54,185,66.1,19.31,Maintain
28,168,52.9,18.75,Maintain
27,171,87.6,29.95,Weight Loss
26,171,66.1,22.61,Maintain
46,152,64.6,27.94,Weight Loss
22,170,58.6,20.27,Maintain
49,164,78.7,29.27,Weight Loss
35,175,69.7,22.75,Maintain
59,160,46.7,18.25,Muscle Gain
26,165,85.1,31.26,Weight Loss
37,182,59.0,17.81,Muscle Gain
42,166,48.6,17.65,Muscle Gain
34,180,63.1,19.48,Maintain
39,163,43.9,16.53,Muscle Gain
57,182,94.1,28.41,Weight Loss
33,190,109.1,30.22,Weight Loss
27,189,104.5,29.26,Weight Loss
35,156,50.5,20.77,Maintain
31,151,52.2,22.9,Maintain
30,160,51.8,20.24,Maintain
20,178,56.0,17.69,Muscle Gain
32,179,87.2,27.2,Weight Loss
44,175,83.2,27.18,Weight Loss
57,189,61.9,17.33,Muscle Gain
27,159,74.5,29.46,Weight Loss
59,162,57.2,21.8,Maintain
57,190,109.3,30.27,Weight Loss
59,154,70.0,29.51,Weight Loss
46,180,59.5,18.36,Muscle Gain
42,169,73.2,25.64,Weight Loss
27,170,48.1,16.63,Muscle Gain
41,173,91.8,30.66,Weight Loss
26,158,50.0,20.01,Maintain
25,162,50.6,19.29,Maintain
30,166,47.1,17.08,Muscle Gain
20,168,57.7,20.45,Maintain
49,172,85.2,28.79,Weight Loss
27,181,54.1,16.5,Muscle Gain
43,181,67.6,20.64,Maintain
47,165,55.3,20.31,Maintain
22,182,82.1,24.8,Maintain
60,183,65.6,19.58,Maintain
27,151,61.8,27.12,Weight Loss
36,172,88.8,30.0,Weight Loss
30,164,78.2,29.07,Weight Loss
56,167,86.0,30.83,Weight Loss
41,160,73.3,28.63,Weight Loss
28,152,61.9,26.79,Weight Loss
50,176,93.6,30.23,Weight Loss
18,185,96.0,28.06,Weight Loss
50,157,57.8,23.46,Maintain
20,175,71.2,23.24,Maintain
51,160,53.5,20.88,Maintain
41,162,57.2,21.81,Maintain
23,175,61.0,19.93,Maintain
43,176,81.1,26.17,Weight Loss
18,189,72.7,20.34,Maintain
25,151,40.4,17.73,Muscle Gain
40,178,52.4,16.53,Muscle Gain
53,179,101.2,31.57,Weight Loss
37,169,76.2,26.68,Weight Loss
25,156,43.6,17.91,Muscle Gain
47,190,60.4,16.73,Muscle Gain
20,159,80.9,31.99,Weight Loss
33,154,55.6,23.45,Maintain
29,170,61.6,21.33,Maintain
36,172,71.0,23.99,Maintain
52,152,64.2,27.8,Weight Loss
42,179,56.8,17.73,Muscle Gain
37,161,44.6,17.21,Muscle Gain
33,178,100.6,31.74,Weight Loss
33,168,79.8,28.26,Weight Loss
55,187,98.8,28.25,Weight Loss
22,172,55.9,18.88,Maintain
39,162,42.3,16.11,Muscle Gain
36,182,54.7,16.51,Muscle Gain
50,161,54.0,20.85,Maintain
38,152,73.1,31.63,Weight Loss
23,182,59.8,18.06,Muscle Gain
50,177,56.3,17.96,Muscle Gain
31,150,63.0,27.98,Weight Loss
28,175,80.1,26.17,Weight Loss
21,168,78.7,27.87,Weight Loss
40,180,54.4,16.8,Muscle Gain
39,175,66.9,21.84,Maintain
26,158,61.2,24.52,Maintain
44,183,84.0,25.09,Weight Loss
58,182,93.5,28.24,Weight Loss
58,170,89.4,30.92,Weight Loss
55,153,51.8,22.12,Maintain
43,167,85.9,30.8,Weight Loss
25,186,110.4,31.9,Weight Loss
35,161,56.4,21.76,Maintain
39,171,53.3,18.24,Muscle Gain
32,181,103.9,31.71,Weight Loss
29,175,94.0,30.71,Weight Loss
27,170,74.8,25.87,Weight Loss
45,186,71.8,20.76,Maintain
43,168,84.2,29.85,Weight Loss
23,181,96.3,29.4,Weight Loss
35,176,52.3,16.89,Muscle Gain
60,168,64.1,22.72,Maintain
40,177,57.2,18.27,Muscle Gain
51,159,41.6,16.44,Muscle Gain
26,183,56.0,16.72,Muscle Gain
45,163,46.8,17.6,Muscle Gain
55,155,40.7,16.93,Muscle Gain
27,182,55.5,16.75,Muscle Gain
56,185,74.7,21.83,Maintain
33,183,95.2,28.44,Weight Loss
22,159,73.8,29.21,Weight Loss
58,190,61.9,17.15,Muscle Gain
48,170,65.2,22.55,Maintain
26,154,47.9,20.18,Maintain
44,188,69.5,19.65,Maintain
56,190,67.7,18.76,Maintain
43,184,94.0,27.76,Weight Loss
51,168,79.7,28.23,Weight Loss
53,161,67.3,25.95,Weight Loss
59,176,51.0,16.48,Muscle Gain
19,158,75.8,30.35,Weight Loss
37,167,47.0,16.84,Muscle Gain
22,187,91.3,26.12,Weight Loss
21,166,79.4,28.8,Weight Loss
37,184,87.8,25.92,Weight Loss
29,177,70.3,22.43,Maintain
26,174,94.7,31.28,Weight Loss
24,155,60.4,25.13,Weight Loss
59,168,77.5,27.47,Weight Loss
46,175,93.2,30.42,Weight Loss
40,163,44.4,16.7,Muscle Gain
53,189,64.6,18.09,Muscle Gain
30,180,56.9,17.56,Muscle Gain
47,162,47.0,17.92,Muscle Gain
21,186,93.1,26.91,Weight Loss
33,178,57.2,18.06,Muscle Gain
29,152,72.2,31.23,Weight Loss
40,167,73.8,26.47,Weight Loss
30,162,52.6,20.06,Maintain
48,152,61.2,26.51,Weight Loss
56,159,47.3,18.7,Maintain
55,168,55.7,19.75,Maintain
33,171,51.8,17.73,Muscle Gain
55,187,58.0,16.6,Muscle Gain
31,183,56.9,17.0,Muscle Gain
23,154,42.6,17.96,Muscle Gain
51,161,59.4,22.92,Maintain
51,153,40.6,17.34,Muscle Gain
49,181,64.0,19.55,Maintain
24,175,50.3,16.42,Muscle Gain
52,186,59.6,17.23,Muscle Gain
51,166,76.9,27.89,Weight Loss
42,171,90.3,30.87,Weight Loss
31,159,64.6,25.54,Weight Loss
27,169,88.5,30.99,Weight Loss
21,153,73.2,31.28,Weight Loss
28,178,76.9,24.27,Maintain
49,185,55.9,16.34,Muscle Gain
59,161,44.1,17.0,Muscle Gain
52,176,63.1,20.36,Maintain
37,163,44.5,16.74,Muscle Gain
19,151,68.3,29.97,Weight Loss
43,183,94.0,28.08,Weight Loss
55,164,71.8,26.68,Weight Loss
31,182,55.4,16.72,Muscle Gain
41,174,90.0,29.72,Weight Loss
21,185,84.5,24.69,Maintain
26,186,97.5,28.17,Weight Loss
35,173,64.0,21.39,Maintain
31,152,66.0,28.56,Weight Loss
37,181,82.1,25.05,Weight Loss
46,163,59.0,22.22,Maintain
18,171,66.8,22.83,Maintain
23,187,111.3,31.84,Weight Loss
56,174,84.0,27.76,Weight Loss
25,158,79.0,31.64,Weight Loss
38,189,58.5,16.39,Muscle Gain
24,166,80.6,29.26,Weight Loss
34,152,43.7,18.93,Maintain
32,155,40.0,16.63,Muscle Gain
47,156,55.4,22.78,Maintain
19,159,63.5,25.12,Weight Loss
59,174,70.2,23.18,Maintain
19,171,85.7,29.3,Weight Loss
20,168,45.9,16.27,Muscle Gain
42,173,49.0,16.38,Muscle Gain
27,165,54.8,20.14,Maintain
43,157,42.5,17.24,Muscle Gain
58,183,55.6,16.6,Muscle Gain
59,184,104.1,30.74,Weight Loss
35,172,89.9,30.39,Weight Loss
21,170,88.8,30.72,Weight Loss
26,188,97.6,27.62,Weight Loss
29,181,60.6,18.51,Maintain
47,168,75.7,26.83,Weight Loss
18,171,76.8,26.28,Weight Loss
32,173,73.7,24.64,Maintain
35,173,52.1,17.42,Muscle Gain
48,174,74.4,24.58,Maintain
54,185,68.4,19.99,Maintain
44,168,64.1,22.71,Maintain
27,165,52.9,19.44,Maintain
54,183,65.6,19.6,Maintain
35,179,97.2,30.35,Weight Loss
47,155,52.1,21.7,Maintain
35,186,77.0,22.25,Maintain
38,174,68.5,22.63,Maintain
45,182,57.5,17.37,Muscle Gain
39,153,41.1,17.57,Muscle Gain
43,154,40.0,16.86,Muscle Gain
21,164,79.9,29.72,Weight Loss
32,157,72.8,29.55,Weight Loss
49,185,60.7,17.75,Muscle Gain
59,163,49.7,18.7,Maintain
43,160,71.0,27.73,Weight Loss
45,159,77.5,30.64,Weight Loss
34,184,60.4,17.83,Muscle Gain
45,170,63.1,21.85,Maintain
51,172,49.5,16.73,Muscle Gain
39,166,47.7,17.32,Muscle Gain
33,160,59.7,23.31,Maintain
30,166,54.1,19.63,Maintain
36,180,81.1,25.04,Weight Loss
18,154,54.2,22.87,Maintain
45,178,89.4,28.21,Weight Loss
29,188,57.5,16.26,Muscle Gain
27,154,51.8,21.85,Maintain
39,183,88.1,26.32,Weight Loss
46,183,65.2,19.46,Maintain
38,160,61.8,24.13,Maintain
37,187,95.3,27.25,Weight Loss
45,160,55.0,21.49,Maintain
38,184,58.6,17.31,Muscle Gain
56,157,68.0,27.59,Weight Loss
50,190,80.5,22.3,Maintain
52,164,55.0,20.45,Maintain
32,155,41.8,17.39,Muscle Gain
39,161,47.4,18.3,Muscle Gain
43,180,52.8,16.29,Muscle Gain
42,150,54.1,24.04,Maintain
23,180,84.4,26.05,Weight Loss
50,157,42.5,17.25,Muscle Gain
28,163,57.1,21.49,Maintain
38,151,41.5,18.22,Muscle Gain
54,156,70.9,29.14,Weight Loss
47,173,86.9,29.02,Weight Loss
21,163,54.7,20.59,Maintain
24,156,54.1,22.24,Maintain
33,156,39.8,16.35,Muscle Gain
36,163,53.2,20.04,Maintain
23,182,55.9,16.88,Muscle Gain
49,179,69.0,21.53,Maintain
44,178,77.1,24.33,Maintain
38,171,53.1,18.17,Muscle Gain
53,153,64.5,27.54,Weight Loss
21,180,100.1,30.89,Weight Loss
44,154,68.3,28.82,Weight Loss
32,159,45.6,18.02,Muscle Gain
26,156,52.2,21.46,Maintain
18,176,94.0,30.34,Weight Loss
54,181,96.2,29.35,Weight Loss
47,158,54.1,21.69,Maintain
34,169,48.8,17.07,Muscle Gain
28,157,43.3,17.56,Muscle Gain
37,166,84.1,30.51,Weight Loss
50,161,55.7,21.48,Maintain
51,165,81.9,30.07,Weight Loss
51,158,50.3,20.14,Maintain
32,157,62.3,25.27,Weight Loss
47,184,68.8,20.32,Maintain
57,175,72.4,23.65,Maintain
36,181,60.0,18.31,Muscle Gain
21,157,41.2,16.73,Muscle Gain
20,159,51.2,20.27,Maintain
45,186,63.2,18.27,Muscle Gain
58,161,43.4,16.75,Muscle Gain
44,170,52.0,18.0,Muscle Gain
46,157,45.0,18.26,Muscle Gain
56,161,52.6,20.3,Maintain
47,169,63.1,22.09,Maintain
44,161,45.0,17.36,Muscle Gain
20,160,46.5,18.16,Muscle Gain
25,173,55.0,18.38,Muscle Gain
24,167,63.7,22.85,Maintain
57,176,87.6,28.28,Weight Loss
23,168,45.6,16.15,Muscle Gain
24,178,92.6,29.22,Weight Loss
20,182,104.0,31.41,Weight Loss
56,159,76.5,30.25,Weight Loss
46,160,60.6,23.69,Maintain
23,156,44.4,18.24,Muscle Gain
45,175,90.6,29.57,Weight Loss
46,166,51.1,18.55,Maintain
38,165,53.4,19.6,Maintain
53,163,45.4,17.1,Muscle Gain
19,173,91.1,30.43,Weight Loss
55,171,85.2,29.15,Weight Loss
45,177,53.5,17.07,Muscle Gain
20,164,43.7,16.25,Muscle Gain
41,157,43.9,17.81,Muscle Gain
25,166,47.9,17.38,Muscle Gain
54,164,45.4,16.89,Muscle Gain
44,189,67.4,18.88,Maintain
42,154,39.9,16.82,Muscle Gain
21,156,39.3,16.16,Muscle Gain
32,165,43.6,16.0,Muscle Gain
21,166,49.3,17.9,Muscle Gain
24,175,55.2,18.01,Muscle Gain
26,163,73.2,27.55,Weight Loss
57,186,68.1,19.68,Maintain
22,185,97.9,28.61,Weight Loss
30,168,89.1,31.57,Weight Loss
20,162,47.9,18.26,Muscle Gain
58,159,62.0,24.54,Maintain
24,152,44.9,19.45,Maintain
41,150,57.6,25.6,Weight Loss
29,155,45.2,18.81,Maintain
31,180,52.2,16.11,Muscle Gain
49,168,49.8,17.64,Muscle Gain
48,189,63.2,17.7,Muscle Gain
55,184,61.1,18.04,Muscle Gain
55,172,63.1,21.32,Maintain
23,183,71.1,21.24,Maintain
27,167,48.7,17.47,Muscle Gain
40,176,73.7,23.78,Maintain
54,178,87.1,27.48,Weight Loss
21,163,49.6,18.67,Maintain
33,174,52.0,17.19,Muscle Gain
56,179,55.4,17.29,Muscle Gain
59,150,66.6,29.59,Weight Loss
48,158,63.2,25.3,Weight Loss
37,172,59.7,20.18,Maintain
57,165,65.4,24.03,Maintain
58,156,76.2,31.3,Weight Loss
41,188,110.0,31.13,Weight Loss
60,165,69.5,25.52,Weight Loss
25,169,70.4,24.64,Maintain
28,153,38.6,16.48,Muscle Gain
40,179,68.4,21.35,Maintain
37,185,82.6,24.14,Maintain
42,173,51.4,17.17,Muscle Gain
23,180,95.7,29.53,Weight Loss
43,158,41.9,16.8,Muscle Gain
19,156,52.1,21.4,Maintain
44,184,84.1,24.85,Maintain
22,185,75.5,22.05,Maintain
56,158,76.2,30.51,Weight Loss
37,185,94.7,27.67,Weight Loss
21,174,83.5,27.59,Weight Loss
22,183,59.2,17.69,Muscle Gain
58,162,79.3,30.22,Weight Loss
46,182,101.5,30.65,Weight Loss
24,167,45.0,16.13,Muscle Gain
49,163,58.3,21.95,Maintain
23,152,42.0,18.16,Muscle Gain
54,151,55.8,24.48,Maintain
52,150,40.0,17.79,Muscle Gain
59,178,75.5,23.82,Maintain
21,187,62.0,17.72,Muscle Gain
49,178,56.8,17.94,Muscle Gain
41,161,43.4,16.76,Muscle Gain
36,171,64.3,22.0,Maintain
43,189,80.6,22.55,Maintain
48,167,57.6,20.67,Maintain
29,173,54.4,18.19,Muscle Gain
42,185,68.4,19.99,Maintain
30,181,66.7,20.37,Maintain
34,179,89.1,27.8,Weight Loss
50,185,73.7,21.53,Maintain
29,166,65.8,23.87,Maintain
45,156,41.5,17.06,Muscle Gain
59,188,63.2,17.88,Muscle Gain
35,150,41.4,18.38,Muscle Gain
58,170,86.8,30.04,Weight Loss
50,159,56.9,22.51,Maintain
49,162,73.5,27.99,Weight Loss
20,169,69.0,24.17,Maintain
29,177,57.5,18.36,Muscle Gain
57,179,53.5,16.7,Muscle Gain
51,162,64.5,24.59,Maintain
51,170,74.6,25.83,Weight Loss
50,165,47.3,17.37,Muscle Gain
34,172,83.2,28.12,Weight Loss
19,189,100.5,28.13,Weight Loss
36,156,76.6,31.46,Weight Loss
38,188,104.8,29.65,Weight Loss
57,164,44.9,16.71,Muscle Gain
21,150,38.1,16.92,Muscle Gain
22,164,75.7,28.16,Weight Loss
44,190,66.1,18.32,Muscle Gain
37,168,77.5,27.45,Weight Loss
49,164,61.4,22.82,Maintain
57,175,70.6,23.05,Maintain
52,156,51.4,21.12,Maintain
56,183,70.4,21.02,Maintain
52,170,56.5,19.55,Maintain
32,163,61.6,23.2,Maintain
31,163,60.2,22.64,Maintain
37,168,52.5,18.61,Maintain
52,155,70.0,29.14,Weight Loss
26,166,57.2,20.76,Maintain
44,176,59.7,19.27,Maintain
31,188,85.7,24.26,Maintain
35,161,42.8,16.53,Muscle Gain
33,170,81.5,28.2,Weight Loss
51,163,42.8,16.12,Muscle Gain
20,160,59.7,23.33,Maintain
31,158,48.4,19.39,Maintain
31,166,50.7,18.39,Muscle Gain
38,173,81.9,27.37,Weight Loss
51,186,62.0,17.91,Muscle Gain
31,155,43.1,17.93,Muscle Gain
30,169,83.0,29.05,Weight Loss
28,156,62.4,25.64,Weight Loss
50,162,59.3,22.59,Maintain
34,163,45.1,16.96,Muscle Gain
51,162,69.0,26.28,Weight Loss
49,177,74.0,23.63,Maintain
45,165,70.2,25.78,Weight Loss
25,164,70.7,26.28,Weight Loss
38,163,50.3,18.93,Maintain
32,163,68.5,25.77,Weight Loss
26,182,94.5,28.53,Weight Loss
55,162,78.4,29.87,Weight Loss
25,153,38.4,16.42,Muscle Gain
57,158,60.0,24.02,Maintain
39,165,83.8,30.79,Weight Loss
57,186,73.9,21.36,Maintain
33,190,105.3,29.18,Weight Loss
18,175,62.4,20.39,Maintain
26,157,72.1,29.26,Weight Loss
57,188,78.9,22.31,Maintain
46,170,46.5,16.08,Muscle Gain
25,161,56.4,21.77,Maintain
35,187,60.1,17.18,Muscle Gain
45,179,101.6,31.71,Weight Loss
20,167,50.7,18.19,Muscle Gain
46,168,50.4,17.86,Muscle Gain
25,162,45.7,17.42,Muscle Gain
56,153,60.1,25.66,Weight Loss
29,185,88.1,25.75,Weight Loss
31,176,81.3,26.26,Weight Loss
19,158,51.9,20.77,Maintain
52,153,49.6,21.19,Maintain
47,153,41.9,17.92,Muscle Gain
29,184,100.0,29.53,Weight Loss
44,157,44.1,17.9,Muscle Gain
39,170,52.2,18.05,Muscle Gain
24,155,42.5,17.71,Muscle Gain
56,156,50.6,20.8,Maintain
43,177,62.0,19.78,Maintain
42,179,78.0,24.34,Maintain
26,158,63.8,25.56,Weight Loss
57,182,105.3,31.79,Weight Loss
24,167,81.2,29.12,Weight Loss
21,185,66.8,19.51,Maintain
38,162,42.2,16.09,Muscle Gain
21,176,52.5,16.94,Muscle Gain
55,167,57.7,20.7,Maintain
42,168,61.3,21.72,Maintain
48,168,75.8,26.86,Weight Loss
57,155,49.1,20.43,Maintain
39,184,105.3,31.1,Weight Loss
50,157,40.3,16.36,Muscle Gain
46,174,75.9,25.08,Weight Loss
52,158,72.4,29.0,Weight Loss
42,179,51.9,16.21,Muscle Gain
38,158,41.9,16.79,Muscle Gain
58,187,60.9,17.41,Muscle Gain
44,181,95.9,29.28,Weight Loss
20,160,81.6,31.86,Weight Loss
28,184,87.6,25.86,Weight Loss
60,156,40.7,16.73,Muscle Gain
48,161,77.0,29.7,Weight Loss
29,158,45.4,18.17,Muscle Gain
22,190,83.5,23.13,Maintain
27,177,53.5,17.08,Muscle Gain
18,151,68.0,29.82,Weight Loss
54,161,78.3,30.19,Weight Loss
45,176,54.1,17.45,Muscle Gain
60,172,65.7,22.21,Maintain
20,180,102.9,31.76,Weight Loss
57,162,50.8,19.34,Maintain
19,186,55.9,16.16,Muscle Gain
42,152,42.8,18.51,Maintain
23,178,69.6,21.97,Maintain
24,177,97.7,31.19,Weight Loss
23,180,83.5,25.76,Weight Loss
46,183,56.7,16.92,Muscle Gain
50,168,47.9,16.98,Muscle Gain
22,150,61.6,27.37,Weight Loss
59,183,57.0,17.03,Muscle Gain
18,186,102.9,29.74,Weight Loss
36,171,90.9,31.07,Weight Loss
30,162,54.0,20.59,Maintain
36,157,43.3,17.58,Muscle Gain
31,183,57.5,17.17,Muscle Gain
38,182,83.6,25.24,Weight Loss
38,190,108.6,30.07,Weight Loss
45,164,67.6,25.13,Weight Loss
45,162,61.0,23.26,Maintain
21,175,78.9,25.77,Weight Loss
24,173,53.4,17.84,Muscle Gain
26,189,95.5,26.74,Weight Loss
48,173,48.0,16.04,Muscle Gain
41,157,58.4,23.69,Maintain
45,184,65.0,19.21,Maintain
23,168,87.0,30.83,Weight Loss
46,159,53.5,21.16,Maintain
50,188,62.6,17.71,Muscle Gain
20,159,43.4,17.15,Muscle Gain
29,152,44.7,19.36,Maintain
57,182,71.3,21.52,Maintain
22,167,81.7,29.28,Weight Loss
58,158,58.3,23.37,Maintain
57,152,39.3,17.01,Muscle Gain
43,163,74.8,28.15,Weight Loss
22,182,54.2,16.36,Muscle Gain
46,162,43.6,16.62,Muscle Gain
45,176,78.3,25.28,Weight Loss
54,178,93.5,29.5,Weight Loss
19,186,92.8,26.82,Weight Loss
33,188,101.2,28.64,Weight Loss
43,169,67.5,23.62,Maintain
58,178,51.9,16.37,Muscle Gain
33,183,60.4,18.04,Muscle Gain
47,177,70.9,22.63,Maintain
24,152,37.3,16.13,Muscle Gain
57,186,62.0,17.91,Muscle Gain
38,185,57.7,16.87,Muscle Gain
19,164,85.8,31.89,Weight Loss
42,172,70.8,23.92,Maintain
53,173,84.3,28.16,Weight Loss
37,170,83.9,29.03,Weight Loss
25,175,59.5,19.44,Maintain
45,162,44.6,16.98,Muscle Gain
57,171,57.9,19.79,Maintain
52,161,57.7,22.25,Maintain
27,173,73.6,24.6,Maintain
44,184,60.2,17.79,Muscle Gain
18,179,61.0,19.03,Maintain
26,179,62.5,19.51,Maintain
44,154,40.6,17.12,Muscle Gain
54,177,89.4,28.52,Weight Loss
34,159,43.4,17.16,Muscle Gain
42,168,60.1,21.28,Maintain
21,176,97.0,31.3,Weight Loss
24,188,96.4,27.27,Weight Loss
58,153,48.6,20.77,Maintain
29,170,62.8,21.73,Maintain
32,190,62.2,17.22,Muscle Gain
45,154,43.0,18.13,Muscle Gain
42,175,53.0,17.29,Muscle Gain
24,173,86.6,28.93,Weight Loss
32,181,65.7,20.04,Maintain
57,172,55.2,18.66,Maintain
40,163,48.2,18.14,Muscle Gain
56,151,53.2,23.34,Maintain
54,163,52.8,19.89,Maintain
44,186,107.5,31.08,Weight Loss
24,173,63.1,21.09,Maintain
36,154,43.6,18.39,Muscle Gain
23,179,75.1,23.44,Maintain
26,158,59.2,23.72,Maintain
21,150,38.2,16.99,Muscle Gain
48,155,50.7,21.11,Maintain
56,166,66.2,24.02,Maintain
31,151,40.6,17.81,Muscle Gain
45,181,78.9,24.09,Maintain
20,161,78.0,30.09,Weight Loss
39,173,54.0,18.04,Muscle Gain
44,168,72.1,25.54,Weight Loss
37,176,84.7,27.34,Weight Loss
41,168,51.7,18.32,Muscle Gain
49,180,98.8,30.5,Weight Loss
44,185,58.7,17.16,Muscle Gain
45,156,68.3,28.07,Weight Loss
45,150,45.4,20.18,Maintain
20,183,55.9,16.7,Muscle Gain
21,161,46.5,17.93,Muscle Gain
60,165,56.7,20.84,Maintain
57,166,85.7,31.09,Weight Loss
30,168,62.0,21.97,Maintain
49,185,62.5,18.25,Muscle Gain
21,162,60.6,23.08,Maintain
60,173,91.6,30.59,Weight Loss
47,180,90.6,27.97,Weight Loss
18,182,91.2,27.54,Weight Loss
48,176,85.3,27.55,Weight Loss
39,167,84.9,30.46,Weight Loss
18,154,69.4,29.26,Weight Loss
59,155,48.3,20.12,Maintain
49,184,84.0,24.8,Maintain
59,153,62.9,26.87,Weight Loss
29,181,57.5,17.56,Muscle Gain
60,165,57.0,20.93,Maintain
52,179,99.2,30.96,Weight Loss
27,170,46.4,16.04,Muscle Gain
52,155,40.9,17.03,Muscle Gain
18,169,48.4,16.95,Muscle Gain
51,164,56.1,20.84,Maintain
25,187,62.4,17.84,Muscle Gain
39,163,55.3,20.82,Maintain
20,190,105.4,29.19,Weight Loss
32,182,103.2,31.15,Weight Loss
48,160,74.3,29.02,Weight Loss
38,152,39.9,17.28,Muscle Gain
19,152,56.1,24.26,Maintain
35,188,91.2,25.79,Weight Loss
45,190,66.0,18.29,Muscle Gain
35,175,59.3,19.35,Maintain
44,168,84.9,30.09,Weight Loss
41,186,69.5,20.1,Maintain
48,162,43.5,16.57,Muscle Gain
28,177,53.5,17.09,Muscle Gain
43,166,49.9,18.1,Muscle Gain
52,174,54.8,18.09,Muscle Gain
56,152,37.8,16.34,Muscle Gain
55,158,78.4,31.4,Weight Loss
56,174,94.1,31.07,Weight Loss
21,154,67.4,28.42,Weight Loss
35,169,62.6,21.93,Maintain
31,152,40.5,17.52,Muscle Gain
22,184,77.3,22.82,Maintain
58,190,57.8,16.01,Muscle Gain
32,177,61.3,19.57,Maintain
37,157,40.2,16.32,Muscle Gain
34,170,82.2,28.45,Weight Loss
30,162,45.4,17.29,Muscle Gain
50,160,80.1,31.27,Weight Loss
60,188,92.7,26.22,Weight Loss
44,163,65.4,24.63,Maintain
19,172,50.2,16.96,Muscle Gain
37,150,52.2,23.19,Maintain
32,177,96.4,30.77,Weight Loss
53,172,76.1,25.73,Weight Loss
53,164,77.2,28.71,Weight Loss
59,158,76.7,30.74,Weight Loss
54,150,46.6,20.7,Maintain
51,179,99.1,30.93,Weight Loss
19,162,72.5,27.63,Weight Loss
28,183,79.4,23.72,Maintain
55,182,100.1,30.22,Weight Loss
57,183,99.8,29.79,Weight Loss
52,164,45.3,16.86,Muscle Gain
18,180,103.7,32.0,Weight Loss
24,165,59.2,21.74,Maintain
45,161,77.7,29.97,Weight Loss
43,170,73.1,25.31,Weight Loss
55,190,87.9,24.36,Maintain
21,177,91.8,29.31,Weight Loss
48,162,47.5,18.09,Muscle Gain
31,175,82.2,26.84,Weight Loss
57,176,56.3,18.17,Muscle Gain
19,154,54.7,23.08,Maintain
39,165,68.8,25.27,Weight Loss
57,166,77.5,28.11,Weight Loss
41,190,66.2,18.33,Muscle Gain
32,160,44.6,17.44,Muscle Gain
37,176,52.0,16.8,Muscle Gain
28,176,90.5,29.23,Weight Loss
18,154,40.1,16.92,Muscle Gain
36,157,44.0,17.87,Muscle Gain
54,183,93.2,27.82,Weight Loss
31,166,79.6,28.9,Weight Loss
56,160,53.9,21.04,Maintain
31,190,78.8,21.83,Maintain
39,152,37.5,16.22,Muscle Gain
34,150,71.5,31.79,Weight Loss
46,159,52.9,20.91,Maintain
34,159,44.9,17.75,Muscle Gain
58,172,64.6,21.82,Maintain
44,153,41.3,17.64,Muscle Gain
38,168,52.9,18.76,Maintain
59,168,47.0,16.65,Muscle Gain
39,182,53.5,16.16,Muscle Gain
28,174,71.9,23.75,Maintain
22,165,80.9,29.72,Weight Loss
59,163,68.5,25.8,Weight Loss
25,189,90.6,25.36,Weight Loss
58,173,81.5,27.23,Weight Loss
20,175,74.5,24.32,Maintain
34,160,63.2,24.7,Maintain
28,189,65.4,18.3,Muscle Gain
49,172,85.8,29.0,Weight Loss
28,185,107.6,31.45,Weight Loss
48,182,56.3,17.01,Muscle Gain
54,177,50.3,16.04,Muscle Gain
43,162,71.8,27.37,Weight Loss
27,188,85.1,24.09,Maintain
20,154,39.0,16.45,Muscle Gain
60,150,38.5,17.13,Muscle Gain
42,173,67.8,22.66,Maintain
45,189,71.0,19.88,Maintain
52,153,40.5,17.3,Muscle Gain
31,184,101.5,29.97,Weight Loss
21,189,62.6,17.53,Muscle Gain
53,171,92.6,31.67,Weight Loss
26,153,44.4,18.95,Maintain
35,171,47.7,16.32,Muscle Gain
48,168,50.9,18.05,Muscle Gain
44,177,51.7,16.49,Muscle Gain
35,166,59.4,21.57,Maintain
40,184,59.6,17.59,Muscle Gain
52,157,44.9,18.2,Muscle Gain
27,189,61.3,17.16,Muscle Gain
37,168,73.4,26.0,Weight Loss
24,177,72.0,22.99,Maintain
22,186,58.1,16.78,Muscle Gain
24,161,59.8,23.06,Maintain
51,171,68.9,23.57,Maintain
26,177,81.3,25.96,Weight Loss
32,157,51.1,20.74,Maintain
48,156,64.4,26.45,Weight Loss
47,188,111.6,31.58,Weight Loss
25,187,102.0,29.16,Weight Loss
24,177,88.1,28.12,Weight Loss
31,186,109.7,31.72,Weight Loss
46,188,79.9,22.61,Maintain
46,189,72.7,20.34,Maintain
53,165,79.8,29.3,Weight Loss
60,157,77.1,31.29,Weight Loss
22,151,37.9,16.63,Muscle Gain
38,168,55.5,19.67,Maintain
34,165,51.7,18.99,Maintain
19,182,91.2,27.52,Weight Loss
22,167,47.6,17.05,Muscle Gain
45,162,44.5,16.94,Muscle Gain
25,171,61.9,21.17,Maintain
55,169,85.3,29.87,Weight Loss
22,150,38.0,16.9,Muscle Gain
31,169,50.1,17.53,Muscle Gain
48,178,72.4,22.84,Maintain
45,183,67.2,20.08,Maintain
37,170,79.2,27.42,Weight Loss
35,178,63.2,19.96,Maintain
30,152,59.6,25.79,Weight Loss
49,173,58.6,19.58,Maintain
49,178,53.2,16.78,Muscle Gain
55,153,41.6,17.75,Muscle Gain
22,185,106.1,31.01,Weight Loss
50,162,53.1,20.22,Maintain
30,180,52.2,16.12,Muscle Gain
33,181,79.8,24.36,Maintain
42,174,51.0,16.85,Muscle Gain
40,182,97.6,29.47,Weight Loss
18,181,55.6,16.98,Muscle Gain
44,159,55.5,21.94,Maintain
35,154,40.2,16.94,Muscle Gain
39,164,43.9,16.31,Muscle Gain
51,166,60.4,21.91,Maintain
56,164,85.9,31.92,Weight Loss
57,161,72.2,27.86,Weight Loss
24,173,67.7,22.62,Maintain
32,154,38.8,16.38,Muscle Gain
31,183,92.5,27.61,Weight Loss
24,166,53.7,19.47,Maintain
22,180,95.3,29.4,Weight Loss
27,163,59.4,22.36,Maintain
60,180,52.0,16.04,Muscle Gain
41,173,55.7,18.62,Maintain
33,153,55.3,23.63,Maintain
57,173,92.1,30.77,Weight Loss
41,178,54.2,17.12,Muscle Gain
48,180,55.1,17.0,Muscle Gain
59,179,76.7,23.95,Maintain
42,183,94.2,28.14,Weight Loss
54,177,82.5,26.32,Weight Loss
56,183,68.6,20.49,Maintain
55,178,88.0,27.76,Weight Loss
19,162,56.0,21.33,Maintain
22,169,91.0,31.85,Weight Loss
18,164,49.0,18.22,Muscle Gain
53,174,77.8,25.7,Weight Loss
42,151,68.3,29.97,Weight Loss
33,166,70.1,25.44,Weight Loss
59,156,72.8,29.91,Weight Loss
26,161,45.7,17.62,Muscle Gain
35,186,82.9,23.95,Maintain
52,172,51.2,17.32,Muscle Gain
26,188,90.8,25.68,Weight Loss
32,171,49.8,17.04,Muscle Gain
36,163,54.0,20.34,Maintain
31,151,62.4,27.38,Weight Loss
22,180,67.7,20.91,Maintain
60,184,85.2,25.16,Weight Loss
31,174,88.3,29.15,Weight Loss
36,182,84.3,25.45,Weight Loss
34,153,65.2,27.87,Weight Loss
48,181,85.8,26.19,Weight Loss
47,150,37.0,16.44,Muscle Gain
40,184,96.2,28.41,Weight Loss
47,183,77.7,23.19,Maintain
26,150,69.1,30.7,Weight Loss
41,188,108.9,30.81,Weight Loss
35,189,80.9,22.66,Maintain
42,179,99.2,30.97,Weight Loss
51,164,60.1,22.35,Maintain
34,180,53.0,16.37,Muscle Gain
20,176,96.2,31.06,Weight Loss
19,151,39.8,17.46,Muscle Gain
30,185,104.4,30.51,Weight Loss
36,173,63.2,21.11,Maintain
41,183,97.6,29.14,Weight Loss
48,167,49.6,17.78,Muscle Gain
21,190,58.0,16.07,Muscle Gain
28,175,55.5,18.11,Muscle Gain
50,157,76.3,30.95,Weight Loss
34,152,37.2,16.12,Muscle Gain
34,189,93.1,26.06,Weight Loss
44,165,45.8,16.82,Muscle Gain
21,169,89.9,31.46,Weight Loss
57,161,68.4,26.39,Weight Loss
55,150,48.7,21.66,Maintain
27,151,47.4,20.78,Maintain
20,184,100.0,29.53,Weight Loss
18,161,53.4,20.61,Maintain
40,152,46.6,20.19,Maintain
24,171,48.2,16.5,Muscle Gain
33,156,64.6,26.55,Weight Loss
33,166,45.8,16.63,Muscle Gain
22,164,77.4,28.77,Weight Loss
44,182,56.4,17.02,Muscle Gain
20,167,50.0,17.93,Muscle Gain
39,170,52.6,18.21,Muscle Gain
50,151,39.1,17.17,Muscle Gain
36,173,53.2,17.79,Muscle Gain
22,170,48.4,16.74,Muscle Gain
25,173,68.4,22.87,Maintain
39,186,57.1,16.5,Muscle Gain
48,167,47.7,17.1,Muscle Gain
49,168,85.3,30.24,Weight Loss
26,162,72.5,27.61,Weight Loss
43,155,69.7,29.02,Weight Loss
48,167,67.8,24.32,Maintain
60,182,86.4,26.09,Weight Loss
52,173,50.0,16.7,Muscle Gain
24,160,81.3,31.75,Weight Loss
50,173,52.0,17.36,Muscle Gain
40,164,63.5,23.62,Maintain
40,159,75.1,29.69,Weight Loss
18,159,43.2,17.09,Muscle Gain
26,158,69.2,27.72,Weight Loss
52,162,46.8,17.82,Muscle Gain
26,179,58.7,18.33,Muscle Gain
19,160,45.3,17.69,Muscle Gain
33,190,82.6,22.88,Maintain
18,190,91.7,25.4,Weight Loss
32,150,67.3,29.91,Weight Loss
26,177,68.4,21.83,Maintain
42,174,76.4,25.24,Weight Loss
20,188,64.8,18.32,Muscle Gain
54,166,60.5,21.95,Maintain
37,161,53.6,20.67,Maintain
53,185,60.2,17.59,Muscle Gain
42,167,87.0,31.19,Weight Loss
46,164,48.8,18.16,Muscle Gain
53,184,55.3,16.34,Muscle Gain
33,163,63.1,23.76,Maintain
37,168,78.1,27.66,Weight Loss
51,169,59.1,20.71,Maintain
31,183,67.0,20.02,Maintain
22,179,54.7,17.08,Muscle Gain
34,167,46.3,16.61,Muscle Gain
45,168,69.8,24.74,Maintain
45,160,59.8,23.34,Maintain
45,161,58.1,22.42,Maintain
53,178,63.8,20.14,Maintain
29,187,61.2,17.49,Muscle Gain
41,183,59.1,17.66,Muscle Gain
36,175,88.8,28.99,Weight Loss
29,153,74.9,31.98,Weight Loss
53,167,89.1,31.95,Weight Loss
29,178,50.8,16.02,Muscle Gain
29,165,86.0,31.58,Weight Loss
53,155,40.8,17.0,Muscle Gain
33,177,81.8,26.12,Weight Loss
24,185,60.9,17.78,Muscle Gain
57,178,58.6,18.5,Maintain
24,150,49.1,21.83,Maintain
21,186,98.1,28.37,Weight Loss
24,150,46.1,20.47,Maintain
41,171,89.9,30.73,Weight Loss
18,156,75.3,30.93,Weight Loss
25,163,77.4,29.14,Weight Loss
51,158,69.5,27.85,Weight Loss
57,184,54.9,16.21,Muscle Gain
40,181,55.9,17.06,Muscle Gain
52,156,43.7,17.97,Muscle Gain
23,173,51.9,17.34,Muscle Gain
25,188,59.3,16.78,Muscle Gain
18,171,60.1,20.56,Maintain
35,188,95.3,26.97,Weight Loss
38,180,67.7,20.91,Maintain
49,184,67.2,19.86,Maintain
44,150,39.9,17.75,Muscle Gain
57,190,83.8,23.21,Maintain
28,182,58.2,17.58,Muscle Gain
33,164,68.9,25.63,Weight Loss
57,176,55.4,17.88,Muscle Gain
35,168,81.9,29.03,Weight Loss
38,178,66.7,21.04,Maintain
23,165,69.2,25.43,Weight Loss
43,183,86.1,25.72,Weight Loss
45,189,64.7,18.12,Muscle Gain
39,175,70.7,23.1,Maintain
42,186,102.3,29.58,Weight Loss
31,174,91.2,30.12,Weight Loss
29,154,68.4,28.83,Weight Loss
25,180,91.7,28.3,Weight Loss
18,170,71.1,24.59,Maintain
59,169,46.3,16.2,Muscle Gain
30,163,78.8,29.64,Weight Loss
25,181,96.2,29.35,Weight Loss
44,186,96.3,27.83,Weight Loss
39,172,50.0,16.89,Muscle Gain
26,180,79.6,24.58,Maintain
39,188,59.6,16.85,Muscle Gain
35,165,56.5,20.75,Maintain
43,158,41.9,16.77,Muscle Gain
58,171,63.7,21.78,Maintain
21,188,67.4,19.06,Maintain
28,175,57.0,18.62,Maintain
50,156,41.9,17.23,Muscle Gain
41,165,45.3,16.63,Muscle Gain
44,190,95.2,26.36,Weight Loss
51,175,79.9,26.08,Weight Loss
33,159,41.0,16.22,Muscle Gain
52,164,46.3,17.22,Muscle Gain
45,153,66.8,28.54,Weight Loss
23,165,74.6,27.39,Weight Loss
26,165,47.6,17.49,Muscle Gain
37,178,97.6,30.8,Weight Loss
19,156,42.0,17.25,Muscle Gain
41,190,69.2,19.18,Maintain
58,160,44.2,17.27,Muscle Gain
39,165,57.4,21.09,Maintain
46,165,82.2,30.19,Weight Loss
33,180,53.5,16.52,Muscle Gain
31,181,92.1,28.12,Weight Loss
30,176,55.2,17.82,Muscle Gain
21,151,54.0,23.69,Maintain
25,185,60.6,17.72,Muscle Gain
31,165,76.4,28.06,Weight Loss
20,152,46.8,20.25,Maintain
45,153,73.8,31.53,Weight Loss
45,178,54.1,17.06,Muscle Gain
48,156,40.3,16.56,Muscle Gain
30,170,69.4,24.01,Maintain
19,185,61.8,18.07,Muscle Gain
60,171,77.1,26.35,Weight Loss
31,179,78.0,24.33,Maintain
34,166,54.0,19.6,Maintain
32,154,70.1,29.57,Weight Loss
51,186,100.3,29.0,Weight Loss
36,183,57.5,17.17,Muscle Gain
51,175,53.5,17.48,Muscle Gain
19,150,61.2,27.22,Weight Loss
45,158,46.2,18.5,Maintain
36,189,65.7,18.38,Muscle Gain
54,184,87.2,25.77,Weight Loss
53,150,41.2,18.3,Muscle Gain
39,186,82.3,23.79,Maintain
48,187,58.3,16.67,Muscle Gain
49,182,78.9,23.83,Maintain
47,187,84.6,24.18,Maintain
51,187,91.6,26.19,Weight Loss
46,165,57.5,21.13,Maintain
39,183,73.1,21.84,Maintain
55,150,46.3,20.59,Maintain
19,167,59.6,21.36,Maintain
53,161,50.6,19.54,Maintain
51,160,74.0,28.91,Weight Loss
25,154,56.5,23.84,Maintain
47,177,89.9,28.69,Weight Loss
41,152,50.7,21.96,Maintain
39,160,52.5,20.52,Maintain
41,154,41.3,17.43,Muscle Gain
20,183,94.0,28.07,Weight Loss
22,156,42.6,17.49,Muscle Gain
23,159,68.4,27.06,Weight Loss
29,177,88.7,28.3,Weight Loss
43,163,60.9,22.94,Maintain
48,185,78.7,22.99,Maintain
51,165,47.7,17.53,Muscle Gain
28,167,47.0,16.85,Muscle Gain
45,169,78.2,27.39,Weight Loss
51,151,62.2,27.27,Weight Loss
59,154,58.8,24.81,Maintain
34,156,43.2,17.77,Muscle Gain
53,178,54.9,17.34,Muscle Gain
39,176,52.2,16.84,Muscle Gain
29,168,89.6,31.73,Weight Loss
22,155,41.2,17.14,Muscle Gain
25,177,65.7,20.97,Maintain
19,180,87.6,27.03,Weight Loss
58,174,83.8,27.68,Weight Loss
24,178,93.0,29.34,Weight Loss
23,168,75.8,26.86,Weight Loss
39,169,85.7,30.0,Weight Loss
53,170,78.4,27.12,Weight Loss
33,159,62.9,24.87,Maintain
52,170,52.5,18.15,Muscle Gain
34,167,48.4,17.34,Muscle Gain
55,165,53.0,19.48,Maintain
40,181,66.6,20.34,Maintain
26,175,54.7,17.86,Muscle Gain
39,158,42.2,16.92,Muscle Gain
40,167,58.1,20.83,Maintain
41,177,54.4,17.36,Muscle Gain
23,183,57.9,17.3,Muscle Gain
27,187,86.6,24.76,Maintain
20,157,70.9,28.76,Weight Loss
23,163,73.1,27.5,Weight Loss
31,189,57.8,16.19,Muscle Gain
46,163,51.0,19.19,Maintain
47,186,72.0,20.8,Maintain
46,155,44.8,18.66,Maintain
55,155,43.1,17.92,Muscle Gain
26,174,49.0,16.2,Muscle Gain
56,174,61.2,20.22,Maintain
44,153,39.6,16.93,Muscle Gain
46,163,53.6,20.17,Maintain
34,186,94.2,27.24,Weight Loss
52,174,49.8,16.46,Muscle Gain
48,178,55.9,17.65,Muscle Gain
22,154,66.9,28.21,Weight Loss
60,172,66.9,22.62,Maintain
45,187,81.9,23.41,Maintain
32,155,67.4,28.04,Weight Loss
47,177,54.5,17.41,Muscle Gain
44,179,88.7,27.69,Weight Loss
56,153,73.9,31.55,Weight Loss
28,163,81.8,30.77,Weight Loss
56,155,69.5,28.91,Weight Loss
52,177,52.9,16.89,Muscle Gain
54,183,59.6,17.79,Muscle Gain
49,180,90.8,28.01,Weight Loss
42,166,83.3,30.23,Weight Loss
32,177,53.7,17.13,Muscle Gain
47,165,70.1,25.74,Weight Loss
36,157,68.1,27.63,Weight Loss
23,188,76.1,21.53,Maintain
52,165,64.8,23.8,Maintain
31,161,49.2,18.98,Maintain
40,166,48.4,17.55,Muscle Gain
32,172,53.6,18.12,Muscle Gain
50,168,46.4,16.45,Muscle Gain
58,177,55.2,17.61,Muscle Gain
59,179,90.5,28.23,Weight Loss
49,162,53.2,20.29,Maintain
48,174,83.4,27.56,Weight Loss
43,187,58.4,16.69,Muscle Gain
46,151,61.1,26.79,Weight Loss
46,184,69.0,20.39,Maintain
23,174,53.3,17.61,Muscle Gain
38,185,85.9,25.1,Weight Loss
59,174,78.4,25.9,Weight Loss
35,174,87.4,28.88,Weight Loss
43,159,59.2,23.42,Maintain
44,181,68.6,20.95,Maintain
25,182,73.8,22.28,Maintain
23,188,97.6,27.62,Weight Loss
35,184,85.9,25.38,Weight Loss
31,180,66.8,20.61,Maintain
18,186,82.9,23.97,Maintain
38,179,71.3,22.25,Maintain
29,187,62.8,17.95,Muscle Gain
29,177,75.7,24.15,Maintain
42,169,61.9,21.66,Maintain
46,189,89.8,25.14,Weight Loss
29,160,44.8,17.51,Muscle Gain
36,164,44.7,16.61,Muscle Gain
41,164,80.9,30.08,Weight Loss
57,156,67.9,27.92,Weight Loss
36,157,66.8,27.12,Weight Loss
36,175,57.7,18.85,Maintain
18,178,74.2,23.41,Maintain
49,150,60.8,27.04,Weight Loss
44,162,83.1,31.66,Weight Loss
28,173,52.3,17.47,Muscle Gain
27,169,50.4,17.66,Muscle Gain
27,164,64.7,24.05,Maintain
32,162,69.4,26.44,Weight Loss
32,179,55.6,17.36,Muscle Gain
58,190,112.2,31.08,Weight Loss
32,169,90.7,31.76,Weight Loss
30,161,58.7,22.66,Maintain
23,175,71.4,23.31,Maintain
20,176,58.9,19.02,Maintain
19,150,39.2,17.43,Muscle Gain
31,186,84.8,24.51,Maintain
45,171,79.1,27.06,Weight Loss
42,167,49.3,17.68,Muscle Gain
42,152,71.2,30.81,Weight Loss
22,188,75.4,21.32,Maintain
37,186,55.5,16.05,Muscle Gain
44,187,57.0,16.31,Muscle Gain
33,176,95.0,30.67,Weight Loss
19,165,70.4,25.86,Weight Loss
20,184,99.2,29.31,Weight Loss
20,167,63.6,22.81,Maintain
50,152,50.5,21.84,Maintain
25,188,62.3,17.63,Muscle Gain
50,154,47.0,19.81,Maintain
21,169,63.1,22.1,Maintain
48,174,52.8,17.44,Muscle Gain
45,190,64.0,17.72,Muscle Gain
20,186,98.3,28.41,Weight Loss
47,150,63.2,28.11,Weight Loss
40,184,71.3,21.06,Maintain
58,153,49.7,21.21,Maintain
29,160,54.5,21.29,Maintain
50,189,63.5,17.78,Muscle Gain
48,155,53.3,22.2,Maintain
23,157,63.0,25.57,Weight Loss
30,160,48.9,19.12,Maintain
20,175,53.6,17.5,Muscle Gain
18,164,63.4,23.56,Maintain
50,153,71.2,30.43,Weight Loss
24,188,64.5,18.24,Muscle Gain
56,182,54.1,16.34,Muscle Gain
31,181,54.5,16.64,Muscle Gain
22,174,62.5,20.63,Maintain
60,163,81.9,30.84,Weight Loss
27,188,102.0,28.87,Weight Loss
20,155,65.6,27.32,Weight Loss
48,186,62.3,18.02,Muscle Gain
38,175,83.2,27.18,Weight Loss
56,167,53.7,19.27,Maintain
30,181,97.3,29.71,Weight Loss
27,162,60.7,23.14,Maintain
54,180,57.9,17.88,Muscle Gain
38,167,47.1,16.9,Muscle Gain
43,186,102.4,29.6,Weight Loss
50,183,88.1,26.32,Weight Loss
45,187,71.0,20.3,Maintain
56,189,61.7,17.28,Muscle Gain
22,190,73.1,20.24,Maintain
30,183,104.8,31.28,Weight Loss
43,165,52.3,19.22,Maintain
36,176,87.0,28.08,Weight Loss
21,165,67.4,24.74,Maintain
58,172,51.0,17.24,Muscle Gain
42,161,69.0,26.63,Weight Loss
27,180,56.4,17.41,Muscle Gain
52,177,91.4,29.16,Weight Loss
50,176,55.4,17.89,Muscle Gain
52,187,110.3,31.54,Weight Loss
57,152,38.4,16.63,Muscle Gain
52,160,44.3,17.31,Muscle Gain
34,173,87.9,29.37,Weight Loss
32,188,106.3,30.07,Weight Loss
43,170,49.3,17.05,Muscle Gain
42,189,101.1,28.3,Weight Loss
54,169,69.7,24.4,Maintain
33,175,73.1,23.88,Maintain
54,158,45.0,18.02,Muscle Gain
24,150,67.4,29.94,Weight Loss
47,183,58.6,17.51,Muscle Gain
27,160,51.1,19.95,Maintain
25,187,108.9,31.15,Weight Loss
38,150,36.2,16.1,Muscle Gain
58,172,51.3,17.34,Muscle Gain
24,170,88.8,30.74,Weight Loss
27,185,73.5,21.48,Maintain
39,177,99.2,31.67,Weight Loss
36,159,42.1,16.65,Muscle Gain
47,172,82.8,27.98,Weight Loss
54,162,78.7,30.0,Weight Loss
26,156,42.7,17.56,Muscle Gain
24,175,81.1,26.48,Weight Loss
28,150,61.6,27.38,Weight Loss
25,151,40.7,17.83,Muscle Gain
35,177,69.1,22.06,Maintain
18,157,74.8,30.36,Weight Loss
54,167,47.3,16.97,Muscle Gain
43,156,42.1,17.3,Muscle Gain
51,164,74.8,27.82,Weight Loss
58,159,64.3,25.45,Weight Loss
44,154,45.7,19.26,Maintain
34,171,59.3,20.29,Maintain
36,158,69.1,27.66,Weight Loss
45,189,61.3,17.15,Muscle Gain
46,176,66.8,21.56,Maintain
31,170,49.0,16.97,Muscle Gain
59,155,63.9,26.6,Weight Loss
50,169,69.0,24.17,Maintain
25,162,60.9,23.19,Maintain
41,156,72.0,29.6,Weight Loss
24,176,53.5,17.26,Muscle Gain
46,170,89.6,31.02,Weight Loss
49,173,56.9,19.02,Maintain
20,152,68.9,29.81,Weight Loss
56,165,48.3,17.74,Muscle Gain
40,154,72.8,30.69,Weight Loss
33,158,68.2,27.31,Weight Loss
23,151,64.6,28.32,Weight Loss
58,177,63.3,20.2,Maintain
57,178,76.8,24.23,Maintain
29,172,49.1,16.61,Muscle Gain
48,155,59.1,24.6,Maintain
52,164,43.8,16.3,Muscle Gain
44,150,63.7,28.29,Weight Loss
24,174,69.2,22.85,Maintain
44,165,48.4,17.79,Muscle Gain
22,178,55.1,17.38,Muscle Gain
40,179,58.9,18.39,Muscle Gain
21,165,86.4,31.74,Weight Loss
45,175,54.7,17.86,Muscle Gain
33,160,42.2,16.5,Muscle Gain
45,169,67.4,23.61,Maintain
52,158,56.0,22.42,Maintain
28,172,64.0,21.63,Maintain
54,163,65.4,24.61,Maintain
19,177,66.1,21.1,Maintain
21,153,37.6,16.06,Muscle Gain
38,157,60.4,24.52,Maintain
23,155,64.9,27.03,Weight Loss
46,175,57.5,18.77,Maintain
43,188,111.1,31.43,Weight Loss
52,151,38.5,16.89,Muscle Gain
35,176,83.1,26.84,Weight Loss
54,158,48.9,19.6,Maintain
48,189,111.5,31.22,Weight Loss
18,153,49.1,20.97,Maintain
57,180,58.4,18.04,Muscle Gain
55,174,66.5,21.95,Maintain
51,156,58.1,23.86,Maintain
54,187,74.9,21.43,Maintain
56,183,59.3,17.71,Muscle Gain
56,167,63.0,22.59,Maintain
19,171,53.7,18.36,Muscle Gain
41,172,64.0,21.64,Maintain
41,182,75.7,22.84,Maintain
45,153,42.2,18.03,Muscle Gain
36,180,82.9,25.6,Weight Loss
58,161,48.4,18.69,Maintain
25,169,81.9,28.66,Weight Loss
53,189,57.9,16.22,Muscle Gain
39,163,76.9,28.94,Weight Loss
35,186,104.0,30.06,Weight Loss
40,182,58.7,17.71,Muscle Gain
41,170,62.7,21.69,Maintain
39,153,68.2,29.13,Weight Loss
23,161,46.2,17.84,Muscle Gain
41,154,49.2,20.76,Maintain
20,159,58.5,23.13,Maintain
19,158,77.3,30.98,Weight Loss
24,156,68.9,28.3,Weight Loss
57,168,73.8,26.15,Weight Loss
25,181,57.9,17.68,Muscle Gain
50,181,96.0,29.3,Weight Loss
51,164,43.4,16.14,Muscle Gain
32,190,64.9,17.97,Muscle Gain
55,171,74.8,25.58,Weight Loss
40,166,59.7,21.65,Maintain
56,177,90.2,28.8,Weight Loss
49,158,58.6,23.49,Maintain
38,188,87.4,24.74,Maintain
19,150,36.5,16.23,Muscle Gain
28,167,54.7,19.6,Maintain
28,165,56.9,20.91,Maintain
32,174,92.9,30.67,Weight Loss
58,164,43.4,16.13,Muscle Gain
22,171,79.3,27.13,Weight Loss
50,188,100.4,28.4,Weight Loss
43,190,97.6,27.03,Weight Loss
27,160,59.8,23.37,Maintain
32,174,63.5,20.97,Maintain
42,180,90.0,27.78,Weight Loss
54,175,55.5,18.12,Muscle Gain
37,190,96.4,26.7,Weight Loss
22,165,79.8,29.32,Weight Loss
33,171,84.8,29.0,Weight Loss
36,171,67.8,23.18,Maintain
43,185,91.1,26.63,Weight Loss
34,158,52.2,20.91,Maintain
19,179,71.4,22.28,Maintain
59,172,48.7,16.47,Muscle Gain
52,188,61.0,17.26,Muscle Gain
24,179,52.6,16.42,Muscle Gain
38,176,95.7,30.88,Weight Loss
18,187,60.5,17.3,Muscle Gain
